{
  "made": {
    "epa": 0.6720402836799622,
    "wpa": 0.01899387128651142
  },
  "missed": {
    "epa": -3.201416015625,
    "wpa": -0.09257568418979645
  }
}